full_name,email
Reyes Mark Angelo D.,mark.reyes.dev@gmail.com
Santos Maria Clara S.,maria.santos23@yahoo.com
Dela Cruz Juan P.,juan.delacruz@outlook.com
Garcia Ana Marie L.,ana.garcia@gmail.com
Mendoza Paolo R.,paolo.mendoza@gmail.com
Bautista Jasmine C.,jas.bautista@deped.gov.ph
Torres Miguel F.,miguel.torres@gmail.com
Flores Elena G.,elena.flores@yahoo.com
Gonzales Rico J.,rico.gonzales@gmail.com
Ramirez Sofia K.,sofia.ramirez@gmail.com
Castro Benjie T.,benjie.castro@outlook.com
Villanueva Carla M.,carla.villanueva@gmail.com
Aquino Rafael D.,raf.aquino@gmail.com
Lim Kimberly S.,kim.lim@gmail.com
Tan Joshua P.,joshua.tan@yahoo.com
Sy Angelica R.,angel.sy@gmail.com
Domingo Christian L.,chris.domingo@gmail.com
Perez Bea N.,bea.perez@gmail.com
Enriquez Marco V.,marco.enriquez@outlook.com
Salazar Katrina B.,kat.salazar@gmail.com
Ferrer John Lloyd C.,jl.ferrer@gmail.com
Delos Santos Mikaela,mika.santos@yahoo.com
Cruz Emmanuel J.,emman.cruz@gmail.com
Rivera Patricia Mae,pat.rivera@gmail.com
Manalo Gabriel S.,gab.manalo@gmail.com
Ocampo Bianca D.,bianca.ocampo@outlook.com
Espina Lorenzo P.,enzo.espina@gmail.com
Miranda Camille F.,camille.miranda@gmail.com
Teodoro Albert G.,albert.teodoro@yahoo.com
Sison Janine H.,janine.sison@gmail.com
Austria Kevin L.,kevin.austria@gmail.com
Pascual Melissa K.,mel.pascual@gmail.com
Valdez Ryan M.,ryan.valdez@gmail.com
Santiago Eric N.,eric.santiago@outlook.com
Navarro Liza O.,liza.navarro@gmail.com
Mercado Francis P.,francis.mercado@gmail.com
Corpuz Diana Q.,diana.corpuz@yahoo.com
Roque Ivan R.,ivan.roque@gmail.com
Bernardo Sarah T.,sarah.bernardo@gmail.com
Fuentes Leo U.,leo.fuentes@gmail.com
Padilla Grace V.,grace.padilla@gmail.com
Velasco Mark W.,mark.velasco@outlook.com
De Leon Jenny X.,jenny.deleon@gmail.com
Zavala Paolo Y.,paolo.zavala@gmail.com
Mariano Kristine Z.,tin.mariano@gmail.com
Arellano Dennis A.,dennis.arellano@gmail.com
Rosales Michelle B.,mich.rosales@yahoo.com
Ignacio Raymond C.,ray.ignacio@gmail.com
Esguerra Pauline D.,pau.esguerra@gmail.com
Villamor Cesar E.,cesar.villamor@gmail.com
